Geographic Area,"April 1, 2020 Estimates Base",Population Estimate (as of July 1) 2020,Population Estimate (as of July 1) 2021
"Aguadilla-Isabela, PR",310160.00,309773.00,307788.00
"Anaheim-Santa Ana-Irvine, CA Metro Division",3186989.00,3184101.00,3167809.00
"Arecibo, PR",182705.00,182574.00,182014.00
"Boston, MA Metro Division",2054736.00,2052435.00,2028753.00
"Cambridge-Newton-Framingham, MA Metro Division",2441831.00,2438640.00,2421816.00
"Camden, NJ Metro Division",1287639.00,1287673.00,1292517.00
"Chicago-Naperville-Evanston, IL Metro Division",7267535.00,7252081.00,7159394.00
"Dallas-Plano-Irving, TX Metro Division",5129966.00,5148585.00,5217380.00
"Detroit-Dearborn-Livonia, MI Metro Division",1793561.00,1790225.00,1774816.00
"Elgin, IL Metro Division",748811.00,748679.00,750869.00
"Fort Lauderdale-Pompano Beach-Sunrise, FL Metro Division",1944375.00,1941516.00,1930983.00
"Fort Worth-Arlington-Grapevine, TX Metro Division",2507421.00,2513740.00,2542235.00
"Frederick-Gaithersburg-Rockville, MD Metro Division",1333778.00,1333980.00,1334662.00
"Gary, IN Metro Division",718663.00,718555.00,719700.00
"Guayama, PR",68442.00,68367.00,68178.00
"Lake County-Kenosha County, IL-WI Metro Division",883493.00,882290.00,879971.00
"Los Angeles-Long Beach-Glendale, CA Metro Division",10014009.00,9989165.00,9829544.00
"Mayagüez, PR",97605.00,97335.00,96270.00
"Miami-Miami Beach-Kendall, FL Metro Division",2701767.00,2692459.00,2662777.00
"Montgomery County-Bucks County-Chester County, PA Metro Division",2037504.00,2037600.00,2045325.00
"Nassau County-Suffolk County, NY Metro Division",2921694.00,2918077.00,2917251.00
"New Brunswick-Lakewood, NJ Metro Division",2489367.00,2488909.00,2500806.00
"New York-Jersey City-White Plains, NY-NJ Metro Division",12449348.00,12412533.00,12076970.00
"Newark, NJ-PA Metro Division",2280061.00,2276894.00,2273431.00
"Oakland-Berkeley-Livermore, CA Metro Division",2848280.00,2845406.00,2809969.00
"Philadelphia, PA Metro Division",2180627.00,2177393.00,2150100.00
"Ponce, PR",224142.00,223553.00,221222.00
"Rockingham County-Strafford County, NH Metro Division",445065.00,445436.00,449363.00
"San Francisco-San Mateo-Redwood City, CA Metro Division",1638407.00,1632467.00,1553089.00
"San Germán, PR",125100.00,124989.00,124644.00
"San Juan-Bayamón-Caguas, PR",2081265.00,2078738.00,2068451.00
"San Rafael, CA Metro Division",262321.00,261776.00,260206.00
"Seattle-Bellevue-Kent, WA Metro Division",3097632.00,3101902.00,3085845.00
"Tacoma-Lakewood, WA Metro Division",921130.00,922828.00,925708.00
"Warren-Troy-Farmington Hills, MI Metro Division",2598480.00,2595523.00,2590389.00
"Washington-Arlington-Alexandria, DC-VA-MD-WV Metro Division",5051384.00,5051734.00,5021772.00
"West Palm Beach-Boca Raton-Boynton Beach, FL Metro Division",1492191.00,1492466.00,1497987.00
"Wilmington, DE-MD-NJ Metro Division",739281.00,739317.00,740659.00
"Yauco, PR",86142.00,85898.00,84738.00
"Aberdeen, SD",42287.00,42187.00,42134.00
"Aberdeen, WA",75636.00,75811.00,76841.00
"Abilene, TX",176579.00,176809.00,177314.00
"Ada, OK",38065.00,38077.00,38163.00
"Adrian, MI",99423.00,99214.00,98956.00
"Akron, OH",702219.00,701305.00,700015.00
"Alamogordo, NM",67839.00,67861.00,68537.00
"Albany, GA",148922.00,148417.00,147773.00
"Albany-Lebanon, OR",128610.00,128936.00,129839.00
"Albany-Schenectady-Troy, NY",899262.00,898561.00,899286.00
"Albemarle, NC",62504.00,62609.00,63425.00
"Albert Lea, MN",30895.00,30883.00,30749.00
"Albertville, AL",97612.00,97608.00,98228.00
"Albuquerque, NM",916528.00,917179.00,918259.00
"Alexander City, AL",51698.00,51612.00,51473.00
"Alexandria, LA",152192.00,151736.00,150890.00
"Alexandria, MN",39006.00,39079.00,39238.00
"Alice, TX",48722.00,48621.00,48603.00
"Allentown-Bethlehem-Easton, PA-NJ",861889.00,861705.00,865310.00
"Alma, MI",41761.00,41662.00,41544.00
"Alpena, MI",28907.00,28877.00,28893.00
"Altoona, PA",122822.00,122518.00,121767.00
"Altus, OK",24785.00,24731.00,24777.00
"Amarillo, TX",268691.00,268820.00,269703.00
"Americus, GA",34163.00,34091.00,33761.00
"Ames, IA",125252.00,125306.00,126195.00
"Amsterdam, NY",49532.00,49433.00,49558.00
"Anchorage, AK",398328.00,398097.00,398807.00
"Andrews, TX",18610.00,18612.00,18440.00
"Angola, IN",34435.00,34440.00,34632.00
"Ann Arbor, MI",372258.00,371656.00,369390.00
"Anniston-Oxford, AL",116441.00,116266.00,115972.00
"Appleton, WI",243147.00,243308.00,244084.00
"Arcadia, FL",33976.00,34080.00,34408.00
"Ardmore, OK",58149.00,58146.00,58507.00
"Arkadelphia, AR",21446.00,21362.00,21321.00
"Asheville, NC",469015.00,469454.00,472341.00
"Ashland, OH",52447.00,52420.00,52316.00
"Ashtabula, OH",97574.00,97413.00,97337.00
"Astoria, OR",41072.00,41089.00,41810.00
"Atchison, KS",16348.00,16305.00,16239.00
"Athens, OH",62431.00,62350.00,62056.00
"Athens, TN",53276.00,53315.00,54059.00
"Athens, TX",82150.00,82348.00,83667.00
"Athens-Clarke County, GA",215415.00,215638.00,217759.00
"Atlanta-Sandy Springs-Alpharetta, GA",6089815.00,6101146.00,6144050.00
"Atlantic City-Hammonton, NJ",274534.00,274191.00,274966.00
"Atmore, AL",36757.00,36665.00,36699.00
"Auburn, IN",43265.00,43274.00,43333.00
"Auburn, NY",76248.00,76095.00,75880.00
"Auburn-Opelika, AL",174241.00,174601.00,177218.00
"Augusta-Richmond County, GA-SC",611000.00,611720.00,615933.00
"Augusta-Waterville, ME",123642.00,123754.00,124486.00
"Austin, MN",40029.00,40049.00,40158.00
"Austin-Round Rock-Georgetown, TX",2283371.00,2299125.00,2352426.00
"Bainbridge, GA",29367.00,29338.00,29038.00
"Bakersfield, CA",909235.00,909997.00,917673.00
"Baltimore-Columbia-Towson, MD",2844510.00,2841691.00,2838327.00
"Bangor, ME",152199.00,152007.00,152765.00
"Baraboo, WI",65763.00,65718.00,65697.00
"Bardstown, KY",46738.00,46756.00,47098.00
"Barnstable Town, MA",228996.00,228969.00,232411.00
"Barre, VT",59807.00,59748.00,59969.00
"Bartlesville, OK",52455.00,52593.00,52772.00
"Batavia, NY",58388.00,58258.00,57853.00
"Batesville, AR",55209.00,55174.00,55345.00
"Baton Rouge, LA",870569.00,870178.00,871905.00
"Battle Creek, MI",134310.00,134113.00,133819.00
"Bay City, MI",103856.00,103594.00,102985.00
"Bay City, TX",36255.00,36269.00,36344.00
"Beatrice, NE",21704.00,21663.00,21616.00
"Beaumont-Port Arthur, TX",397565.00,396958.00,395419.00
"Beaver Dam, WI",89396.00,89262.00,89313.00
"Beckley, WV",115079.00,114707.00,113698.00
"Bedford, IN",45011.00,45022.00,45070.00
"Beeville, TX",31047.00,30990.00,30924.00
"Bellefontaine, OH",46150.00,46065.00,46035.00
"Bellingham, WA",226847.00,227304.00,228831.00
"Bemidji, MN",46228.00,46230.00,46380.00
"Bend, OR",198253.00,199355.00,204801.00
"Bennettsville, SC",26667.00,26537.00,26382.00
"Bennington, VT",37347.00,37271.00,37312.00
"Berlin, NH",31268.00,31173.00,31289.00
"Big Rapids, MI",39714.00,39781.00,40031.00
"Big Spring, TX",34860.00,34797.00,34128.00
"Big Stone Gap, VA",39817.00,39697.00,39313.00
"Billings, MT",184167.00,184567.00,187037.00
"Binghamton, NY",247138.00,246554.00,245220.00
"Birmingham-Hoover, AL",1115289.00,1114710.00,1114262.00
"Bismarck, ND",133626.00,133666.00,134417.00
"Blackfoot, ID",47992.00,48068.00,48876.00
"Blacksburg-Christiansburg, VA",166378.00,166111.00,165293.00
"Bloomington, IL",170954.00,170870.00,170889.00
"Bloomington, IN",161039.00,160815.00,161321.00
"Bloomsburg-Berwick, PA",82863.00,82782.00,82959.00
"Bluefield, WV-VA",106363.00,106052.00,105195.00
"Bluffton, IN",28180.00,28179.00,28197.00
"Blytheville, AR",40685.00,40503.00,39661.00
"Bogalusa, LA",45463.00,45370.00,45133.00
"Boise City, ID",764718.00,769581.00,795268.00
"Bonham, TX",35662.00,35732.00,36569.00
"Boone, NC",54086.00,54072.00,54234.00
"Borger, TX",20617.00,20539.00,20495.00
"Boston-Cambridge-Newton, MA-NH",4941632.00,4936511.00,4899932.00
"Boulder, CO",330758.00,330811.00,329543.00
"Bowling Green, KY",179639.00,179978.00,182594.00
"Bozeman, MT",118960.00,119502.00,122713.00
"Bradford, PA",40432.00,40306.00,39941.00
"Brainerd, MN",96189.00,96361.00,97909.00
"Branson, MO",56066.00,56020.00,56387.00
"Breckenridge, CO",31055.00,30971.00,30941.00
"Bremerton-Silverdale-Port Orchard, WA",275611.00,275660.00,274314.00
"Brenham, TX",35805.00,35837.00,35891.00
"Brevard, NC",32986.00,33009.00,33165.00
"Bridgeport-Stamford-Norwalk, CT",957419.00,955895.00,959768.00
"Brookhaven, MS",34907.00,34815.00,34943.00
"Brookings, OR",23446.00,23503.00,23683.00
"Brookings, SD",34375.00,34339.00,34639.00
"Brownsville, TN",17864.00,17795.00,17694.00
"Brownsville-Harlingen, TX",421017.00,421191.00,423029.00
"Brownwood, TX",38095.00,38002.00,38192.00
"Brunswick, GA",113495.00,113492.00,113963.00
"Bucyrus-Galion, OH",42025.00,41928.00,41754.00
"Buffalo-Cheektowaga, NY",1166902.00,1165506.00,1162336.00
"Burley, ID",46268.00,46373.00,47119.00
"Burlington, IA-IL",45297.00,45170.00,44803.00
"Burlington, NC",171415.00,171842.00,173877.00
"Burlington-South Burlington, VT",225562.00,225563.00,226611.00
"Butte-Silver Bow, MT",35133.00,35168.00,35411.00
"Cadillac, MI",48725.00,48743.00,49031.00
"Calhoun, GA",57544.00,57696.00,58237.00
"California-Lexington Park, MD",113777.00,113953.00,114468.00
"Cambridge, MD",32531.00,32508.00,32489.00
"Cambridge, OH",38438.00,38390.00,38287.00
"Camden, AR",27389.00,27317.00,27047.00
"Campbellsville, KY",37130.00,37132.00,37526.00
"Cañon City, CO",48939.00,48981.00,49661.00
"Canton-Massillon, OH",401574.00,401046.00,400525.00
"Cape Coral-Fort Myers, FL",760822.00,764679.00,787976.00
"Cape Girardeau, MO-IL",97517.00,97481.00,97699.00
"Carbondale-Marion, IL",133435.00,133297.00,132907.00
"Carlsbad-Artesia, NM",62314.00,62257.00,60911.00
"Carroll, IA",20760.00,20702.00,20692.00
"Carson City, NV",58639.00,58677.00,58993.00
"Casper, WY",79955.00,80229.00,79555.00
"Cedar City, UT",57289.00,57640.00,60519.00
"Cedar Rapids, IA",276520.00,276446.00,275435.00
"Cedartown, GA",42853.00,42925.00,43496.00
"Celina, OH",42528.00,42471.00,42309.00
"Central City, KY",30928.00,30875.00,30694.00
"Centralia, IL",37729.00,37613.00,37390.00
"Centralia, WA",82149.00,82474.00,84398.00
"Chambersburg-Waynesboro, PA",155932.00,155874.00,156289.00
"Champaign-Urbana, IL",222538.00,222123.00,222696.00
"Charleston, WV",258859.00,257840.00,255020.00
"Charleston-Mattoon, IL",57313.00,57165.00,57110.00
"Charleston-North Charleston, SC",799636.00,802961.00,813052.00
"Charlotte-Concord-Gastonia, NC-SC",2660329.00,2669665.00,2701046.00
"Charlottesville, VA",221524.00,221522.00,222688.00
"Chattanooga, TN-GA",562647.00,563599.00,567641.00
"Cheyenne, WY",100512.00,100690.00,100863.00
"Chicago-Naperville-Elgin, IL-IN-WI",9618502.00,9601605.00,9509934.00
"Chico, CA",211632.00,210083.00,208309.00
"Chillicothe, OH",77093.00,76985.00,76891.00
"Cincinnati, OH-KY-IN",2256884.00,2257667.00,2259935.00
"Clarksburg, WV",90434.00,90258.00,89385.00
"Clarksdale, MS",21390.00,21232.00,20810.00
"Clarksville, TN-KY",320535.00,321607.00,328304.00
"Clearlake, CA",68163.00,68174.00,68766.00
"Cleveland, MS",30985.00,30849.00,30308.00
"Cleveland, TN",126164.00,126310.00,127938.00
"Cleveland-Elyria, OH",2088251.00,2085357.00,2075662.00
"Clewiston, FL",39619.00,39707.00,40313.00
"Clinton, IA",46460.00,46418.00,46463.00
"Clovis, NM",48430.00,48325.00,47999.00
"Coamo, PR",34668.00,34730.00,34950.00
"Coco, PR",25789.00,25743.00,25662.00
"Coeur d'Alene, ID",171362.00,172646.00,179789.00
"Coffeyville, KS",31486.00,31360.00,31156.00
"Coldwater, MI",44862.00,44810.00,44985.00
"College Station-Bryan, TX",268248.00,268864.00,272041.00
"Colorado Springs, CO",755105.00,756573.00,762793.00
"Columbia, MO",210864.00,211127.00,213123.00
"Columbia, SC",829470.00,830767.00,838250.00
"Columbus, GA-AL",328883.00,329141.00,327536.00
"Columbus, IN",82208.00,82157.00,82475.00
"Columbus, MS",58879.00,58726.00,58150.00
"Columbus, NE",34296.00,34280.00,34241.00
"Columbus, OH",2138926.00,2141042.00,2151017.00
"Concord, NH",153808.00,153922.00,155238.00
"Connersville, IN",23398.00,23333.00,23360.00
"Cookeville, TN",113982.00,114187.00,115777.00
"Coos Bay, OR",64929.00,64887.00,64999.00
"Cordele, GA",20128.00,20042.00,19879.00
"Corinth, MS",34740.00,34680.00,34349.00
"Cornelia, GA",46031.00,46105.00,46774.00
"Corning, NY",93584.00,93363.00,92948.00
"Corpus Christi, TX",421933.00,421862.00,422778.00
"Corsicana, TX",52624.00,52784.00,53591.00
"Cortland, NY",46809.00,46723.00,46311.00
"Corvallis, OR",95184.00,95167.00,96017.00
"Coshocton, OH",36612.00,36548.00,36618.00
"Craig, CO",13292.00,13267.00,13185.00
"Crawfordsville, IN",37936.00,37932.00,38063.00
"Crescent City, CA",27743.00,27709.00,28100.00
"Crestview-Fort Walton Beach-Destin, FL",286973.00,287664.00,293324.00
"Crossville, TN",61145.00,61272.00,62451.00
"Cullman, AL",87866.00,88044.00,89496.00
"Cullowhee, NC",57226.00,57217.00,57546.00
"Cumberland, MD-WV",95044.00,94824.00,94586.00
"Dallas-Fort Worth-Arlington, TX",7637387.00,7662325.00,7759615.00
"Dalton, GA",142837.00,142665.00,142799.00
"Danville, IL",74188.00,73883.00,73095.00
"Danville, KY",54889.00,54939.00,54990.00
"Danville, VA",103091.00,102777.00,102187.00
"Daphne-Fairhope-Foley, AL",231767.00,233140.00,239294.00
"Davenport-Moline-Rock Island, IA-IL",384324.00,383526.00,381568.00
"Dayton, TN",32870.00,32903.00,33136.00
"Dayton-Kettering, OH",814049.00,813475.00,813516.00
"Decatur, AL",156494.00,156399.00,156758.00
"Decatur, IL",103998.00,103647.00,102432.00
"Decatur, IN",35809.00,35826.00,35961.00
"Defiance, OH",38286.00,38227.00,38144.00
"Del Rio, TX",47586.00,47582.00,47564.00
"Deltona-Daytona Beach-Ormond Beach, FL",668921.00,670869.00,685344.00
"Deming, NM",25427.00,25420.00,25532.00
"Denver-Aurora-Lakewood, CO",2963821.00,2969289.00,2972566.00
"DeRidder, LA",36549.00,36573.00,36584.00
"Des Moines-West Des Moines, IA",709466.00,710843.00,719146.00
"Detroit-Warren-Dearborn, MI",4392041.00,4385748.00,4365205.00
"Dickinson, ND",34591.00,34736.00,34001.00
"Dixon, IL",34145.00,34021.00,34049.00
"Dodge City, KS",34287.00,34206.00,34159.00
"Dothan, AL",151007.00,151032.00,151618.00
"Douglas, GA",51378.00,51348.00,51777.00
"Dover, DE",181851.00,182256.00,184149.00
"Dublin, GA",65165.00,65055.00,65013.00
"DuBois, PA",80562.00,80394.00,80082.00
"Dubuque, IA",99266.00,99229.00,98718.00
"Duluth, MN-WI",291638.00,291278.00,290780.00
"Dumas, TX",21358.00,21273.00,21118.00
"Duncan, OK",42848.00,42753.00,43129.00
"Durango, CO",55638.00,55642.00,56250.00
"Durant, OK",46067.00,46293.00,47105.00
"Durham-Chapel Hill, NC",649903.00,651192.00,654012.00
"Dyersburg, TN",36801.00,36646.00,36615.00
"Eagle Pass, TX",57887.00,57844.00,58056.00
"East Stroudsburg, PA",168327.00,168248.00,169273.00
"Easton, MD",37526.00,37456.00,37626.00
"Eau Claire, WI",172007.00,172097.00,173317.00
"Edwards, CO",55731.00,55665.00,55727.00
"Effingham, IL",34668.00,34614.00,34430.00
"El Campo, TX",41570.00,41550.00,41721.00
"El Centro, CA",179702.00,179489.00,179851.00
"El Dorado, AR",39054.00,38925.00,38340.00
"El Paso, TX",868859.00,869289.00,871234.00
"Elizabeth City, NC",53573.00,53642.00,53951.00
"Elizabethtown-Fort Knox, KY",155572.00,155570.00,156766.00
"Elk City, OK",22410.00,22302.00,22046.00
"Elkhart-Goshen, IN",207047.00,206842.00,206921.00
"Elkins, WV",27932.00,27852.00,27806.00
"Elko, NV",55557.00,55597.00,55818.00
"Ellensburg, WA",44337.00,44589.00,45499.00
"Elmira, NY",84148.00,83882.00,83045.00
"Emporia, KS",34751.00,34664.00,34596.00
"Enid, OK",62846.00,62629.00,61926.00
"Enterprise, AL",53465.00,53565.00,54174.00
"Erie, PA",270876.00,270427.00,269011.00
"Escanaba, MI",36903.00,36842.00,36826.00
"Española, NM",40363.00,40264.00,40179.00
"Eufaula, AL-GA",27458.00,27404.00,27207.00
"Eugene-Springfield, OR",382971.00,382940.00,383189.00
"Eureka-Arcata, CA",136463.00,136351.00,136310.00
"Evanston, WY",20450.00,20441.00,20635.00
"Evansville, IN-KY",314049.00,313930.00,313946.00
"Fairbanks, AK",95655.00,95286.00,95593.00
"Fairfield, IA",15663.00,15659.00,15647.00
"Fairmont, MN",20025.00,19970.00,19915.00
"Fairmont, WV",56205.00,56157.00,56001.00
"Fallon, NV",25516.00,25539.00,25723.00
"Fargo, ND-MN",249843.00,250219.00,252136.00
"Faribault-Northfield, MN",67097.00,67030.00,67262.00
"Farmington, MO",66922.00,66900.00,67541.00
"Farmington, NM",121661.00,121429.00,120993.00
"Fayetteville, NC",520378.00,520354.00,524588.00
"Fayetteville-Springdale-Rogers, AR",546725.00,549566.00,560709.00
"Fergus Falls, MN",60081.00,60024.00,60046.00
"Fernley, NV",59235.00,59431.00,60903.00
"Findlay, OH",74920.00,74830.00,74656.00
"Fitzgerald, GA",17194.00,17153.00,17158.00
"Flagstaff, AZ",145101.00,145116.00,145052.00
"Flint, MI",406211.00,405648.00,404208.00
"Florence, SC",199964.00,199638.00,199259.00
"Florence-Muscle Shoals, AL",150791.00,150846.00,151517.00
"Fond du Lac, WI",104154.00,104076.00,104362.00
"Forest City, NC",64444.00,64421.00,64586.00
"Forrest City, AR",23090.00,23046.00,22739.00
"Fort Collins, CO",359066.00,359686.00,362533.00
"Fort Dodge, IA",36999.00,36954.00,37147.00
"Fort Leonard Wood, MO",53955.00,53964.00,53816.00
"Fort Madison-Keokuk, IA-IL-MO",57809.00,57696.00,57351.00
"Fort Morgan, CO",29111.00,29065.00,29008.00
"Fort Payne, AL",71608.00,71630.00,71813.00
"Fort Polk South, LA",48750.00,48582.00,48027.00
"Fort Smith, AR-OK",244310.00,244223.00,245459.00
"Fort Wayne, IN",419601.00,420208.00,423038.00
"Frankfort, IN",33190.00,33151.00,33065.00
"Frankfort, KY",75393.00,75438.00,75717.00
"Fredericksburg, TX",26725.00,26732.00,27297.00
"Freeport, IL",44630.00,44457.00,44021.00
"Fremont, NE",37167.00,37102.00,37103.00
"Fremont, OH",58896.00,58832.00,58715.00
"Fresno, CA",1008654.00,1008966.00,1013581.00
"Gadsden, AL",103436.00,103393.00,103162.00
"Gaffney, SC",56216.00,56179.00,56052.00
"Gainesville, FL",339247.00,339663.00,341756.00
"Gainesville, GA",203136.00,203589.00,207369.00
"Gainesville, TX",41668.00,41697.00,42244.00
"Galesburg, IL",49967.00,49736.00,49268.00
"Gallup, NM",72902.00,72630.00,71780.00
"Garden City, KS",42453.00,42268.00,41998.00
"Gardnerville Ranchos, NV",49488.00,49468.00,49870.00
"Georgetown, SC",63404.00,63440.00,63921.00
"Gettysburg, PA",103852.00,103795.00,104127.00
"Gillette, WY",61045.00,61103.00,60461.00
"Glasgow, KY",54771.00,54716.00,54893.00
"Glens Falls, NY",127039.00,126781.00,126574.00
"Glenwood Springs, CO",79043.00,79118.00,79509.00
"Gloversville, NY",53324.00,53160.00,53116.00
"Goldsboro, NC",117333.00,117226.00,116835.00
"Granbury, TX",61598.00,61953.00,64222.00
"Grand Forks, ND-MN",104362.00,104113.00,103462.00
"Grand Island, NE",77038.00,76885.00,76175.00
"Grand Junction, CO",155703.00,155939.00,157335.00
"Grand Rapids, MN",45014.00,44984.00,45070.00
"Grand Rapids-Kentwood, MI",1087592.00,1088203.00,1091620.00
"Grants Pass, OR",88090.00,88105.00,88346.00
"Grants, NM",27172.00,27076.00,27184.00
"Great Bend, KS",25493.00,25419.00,25216.00
"Great Falls, MT",84414.00,84328.00,84511.00
"Greeley, CO",328981.00,331358.00,340036.00
"Green Bay, WI",328268.00,328323.00,329490.00
"Greeneville, TN",70152.00,70220.00,70621.00
"Greensboro-High Point, NC",776566.00,776761.00,778848.00
"Greensburg, IN",26472.00,26477.00,26320.00
"Greenville, MS",44922.00,44613.00,43687.00
"Greenville, NC",170243.00,170570.00,172169.00
"Greenville, OH",51881.00,51882.00,51597.00
"Greenville-Anderson, SC",928195.00,930165.00,940774.00
"Greenwood, MS",38337.00,38137.00,37436.00
"Greenwood, SC",69351.00,69380.00,69241.00
"Grenada, MS",21629.00,21581.00,21365.00
"Gulfport-Biloxi, MS",416259.00,416312.00,418082.00
"Guymon, OK",21384.00,21283.00,20865.00
"Hagerstown-Martinsburg, MD-WV",293844.00,294277.00,298227.00
"Hailey, ID",25349.00,25416.00,25905.00
"Hammond, LA",133157.00,133549.00,135217.00
"Hanford-Corcoran, CA",152486.00,152627.00,153443.00
"Hannibal, MO",38880.00,38821.00,38879.00
"Harrisburg-Carlisle, PA",591712.00,592361.00,596305.00
"Harrison, AR",44598.00,44550.00,45034.00
"Harrisonburg, VA",135571.00,135433.00,135824.00
"Hartford-East Hartford-Middletown, CT",1213531.00,1211505.00,1211906.00
"Hastings, NE",31205.00,31147.00,31027.00
"Hattiesburg, MS",172231.00,172287.00,173078.00
"Hays, KS",28934.00,28931.00,28790.00
"Heber, UT",77145.00,77484.00,79266.00
"Helena, MT",83058.00,83226.00,84693.00
"Helena-West Helena, AR",16568.00,16445.00,15906.00
"Henderson, NC",42578.00,42529.00,42185.00
"Hereford, TX",18583.00,18503.00,18329.00
"Hermiston-Pendleton, OR",92261.00,92202.00,92291.00
"Hickory-Lenoir-Morganton, NC",365276.00,365235.00,366441.00
"Hillsdale, MI",45746.00,45677.00,45546.00
"Hilo, HI",200629.00,200746.00,202906.00
"Hilton Head Island-Bluffton, SC",215908.00,216764.00,222072.00
"Hinesville, GA",81424.00,81507.00,82863.00
"Hobbs, NM",74455.00,74586.00,73004.00
"Holland, MI",120502.00,120596.00,120950.00
"Homosassa Springs, FL",153843.00,154403.00,158083.00
"Hood River, OR",23977.00,23943.00,24057.00
"Hope, AR",28375.00,28277.00,27881.00
"Hot Springs, AR",100180.00,100162.00,100330.00
"Houghton, MI",39407.00,39215.00,39420.00
"Houma-Thibodaux, LA",207137.00,206814.00,206212.00
"Houston-The Woodlands-Sugar Land, TX",7122240.00,7137747.00,7206841.00
"Hudson, NY",61570.00,61550.00,61778.00
"Huntingdon, PA",44092.00,44030.00,43889.00
"Huntington, IN",36662.00,36599.00,36717.00
"Huntington-Ashland, WV-KY-OH",359862.00,359100.00,356581.00
"Huntsville, AL",491723.00,494018.00,502728.00
"Huntsville, TX",76400.00,76543.00,77977.00
"Huron, SD",20812.00,20803.00,20757.00
"Hutchinson, KS",61898.00,61808.00,61414.00
"Hutchinson, MN",36771.00,36701.00,36735.00
"Idaho Falls, ID",157429.00,158258.00,162786.00
"Indiana, PA",83246.00,83116.00,82886.00
"Indianapolis-Carmel-Anderson, IN",2111040.00,2113700.00,2126804.00
"Indianola, MS",25971.00,25826.00,25402.00
"Iowa City, IA",175419.00,175495.00,177239.00
"Iron Mountain, MI-WI",30505.00,30442.00,30380.00
"Ithaca, NY",105740.00,105404.00,105162.00
"Jackson, MI",160366.00,160200.00,160050.00
"Jackson, MS",591978.00,590626.00,587202.00
"Jackson, OH",32653.00,32642.00,32511.00
"Jackson, TN",180504.00,180383.00,180799.00
"Jackson, WY-ID",34961.00,35078.00,35842.00
"Jacksonville, FL",1605848.00,1611388.00,1637666.00
"Jacksonville, IL",37864.00,37725.00,37442.00
"Jacksonville, NC",204576.00,204735.00,206160.00
"Jacksonville, TX",50412.00,50477.00,51097.00
"Jamestown, ND",21593.00,21529.00,21576.00
"Jamestown-Dunkirk-Fredonia, NY",127657.00,127424.00,126807.00
"Janesville-Beloit, WI",163687.00,163643.00,164381.00
"Jasper, AL",65342.00,65100.00,64818.00
"Jasper, IN",55887.00,55837.00,55693.00
"Jayuya, PR",14779.00,14763.00,14643.00
"Jefferson City, MO",150309.00,150199.00,150706.00
"Jefferson, GA",75907.00,76712.00,80286.00
"Jennings, LA",32250.00,32166.00,32345.00
"Jesup, GA",30144.00,30155.00,30380.00
"Johnson City, TN",207285.00,207262.00,208068.00
"Johnstown, PA",133472.00,132957.00,132167.00
"Jonesboro, AR",134196.00,134469.00,134878.00
"Joplin, MO",181409.00,181379.00,182541.00
"Juneau, AK",32255.00,32195.00,31973.00
"Kahului-Wailuku-Lahaina, HI",164754.00,164655.00,164221.00
"Kalamazoo-Portage, MI",261670.00,261629.00,261108.00
"Kalispell, MT",104357.00,104773.00,108454.00
"Kankakee, IL",107502.00,107236.00,106601.00
"Kansas City, MO-KS",2192035.00,2193578.00,2199490.00
"Kapaa, HI",73298.00,73201.00,73454.00
"Kearney, NE",56772.00,56824.00,57013.00
"Keene, NH",76458.00,76501.00,77329.00
"Kendallville, IN",47457.00,47379.00,47227.00
"Kennett, MO",28283.00,28178.00,27717.00
"Kennewick-Richland, WA",303622.00,304306.00,308293.00
"Kerrville, TX",52598.00,52676.00,53161.00
"Ketchikan, AK",13948.00,13902.00,13754.00
"Key West, FL",82874.00,82809.00,82170.00
"Kill Devil Hills, NC",36915.00,37001.00,37826.00
"Killeen-Temple, TX",475367.00,476784.00,486101.00
"Kingsport-Bristol, TN-VA",307614.00,307406.00,308661.00
"Kingston, NY",181851.00,181687.00,182951.00
"Kingsville, TX",31390.00,31304.00,30975.00
"Kinston, NC",55122.00,54995.00,54706.00
"Kirksville, MO",29346.00,29253.00,29210.00
"Klamath Falls, OR",69413.00,69504.00,70164.00
"Knoxville, TN",879773.00,881628.00,893412.00
"Kokomo, IN",83658.00,83619.00,83687.00
"La Crosse-Onalaska, WI-MN",139627.00,139670.00,139211.00
"La Grande, OR",26196.00,26149.00,26212.00
"Laconia, NH",63705.00,63743.00,64460.00
"Lafayette, LA",478384.00,478077.00,479212.00
"Lafayette-West Lafayette, IN",223716.00,223679.00,224709.00
"LaGrange, GA-AL",104198.00,104066.00,104261.00
"Lake Charles, LA",222402.00,222035.00,210362.00
"Lake City, FL",69698.00,69889.00,70385.00
"Lake Havasu City-Kingman, AZ",213267.00,214070.00,217692.00
"Lakeland-Winter Haven, FL",725046.00,729233.00,753520.00
"Lamesa, TX",12456.00,12439.00,12413.00
"Lancaster, PA",552984.00,552597.00,553652.00
"Lansing-East Lansing, MI",541297.00,540737.00,540281.00
"Laramie, WY",37066.00,37079.00,37608.00
"Laredo, TX",267114.00,267234.00,267945.00
"Las Cruces, NM",219561.00,219899.00,221508.00
"Las Vegas, NM",31390.00,31299.00,31346.00
"Las Vegas-Henderson-Paradise, NV",2265461.00,2273386.00,2292476.00
"Laurel, MS",83613.00,83490.00,83035.00
"Laurinburg, NC",34174.00,34110.00,34227.00
"Lawrence, KS",118785.00,118814.00,119363.00
"Lawrenceburg, TN",44159.00,44189.00,44828.00
"Lawton, OK",126652.00,126672.00,127543.00
"Lebanon, MO",36039.00,36024.00,36133.00
"Lebanon, NH-VT",221211.00,221115.00,223471.00
"Lebanon, PA",143257.00,143242.00,143493.00
"Levelland, TX",21537.00,21490.00,21363.00
"Lewisburg, PA",42681.00,42625.00,42568.00
"Lewisburg, TN",34318.00,34441.00,34984.00
"Lewiston, ID-WA",64375.00,64378.00,64851.00
"Lewiston-Auburn, ME",111139.00,111039.00,111034.00
"Lewistown, PA",46143.00,46073.00,46136.00
"Lexington, NE",26004.00,25930.00,25722.00
"Lexington-Fayette, KY",516811.00,517028.00,517846.00
"Liberal, KS",21964.00,21832.00,21747.00
"Lima, OH",102206.00,102059.00,101670.00
"Lincoln, IL",27987.00,27879.00,27992.00
"Lincoln, NE",340217.00,340515.00,342117.00
"Little Rock-North Little Rock-Conway, AR",748031.00,748434.00,750936.00
"Lock Haven, PA",37450.00,37350.00,37465.00
"Logan, UT-ID",147348.00,147796.00,152083.00
"Logansport, IN",37870.00,37771.00,37563.00
"London, KY",149863.00,149778.00,149615.00
"Longview, TX",286184.00,286153.00,287868.00
"Longview, WA",110730.00,110924.00,111524.00
"Los Alamos, NM",19419.00,19424.00,19330.00
"Los Angeles-Long Beach-Anaheim, CA",13200998.00,13173266.00,12997353.00
"Louisville/Jefferson County, KY-IN",1285439.00,1285058.00,1284566.00
"Lubbock, TX",321368.00,322123.00,325245.00
"Ludington, MI",29052.00,29064.00,29383.00
"Lufkin, TX",86395.00,86345.00,86506.00
"Lumberton, NC",116530.00,116361.00,116328.00
"Lynchburg, VA",261593.00,261408.00,262258.00
"Macomb, IL",27238.00,27079.00,26828.00
"Macon-Bibb County, GA",233802.00,233592.00,233883.00
"Madera, CA",156255.00,156620.00,159410.00
"Madison, IN",33147.00,33075.00,33141.00
"Madison, WI",680796.00,681484.00,683183.00
"Madisonville, KY",45423.00,45367.00,45138.00
"Magnolia, AR",22801.00,22741.00,22672.00
"Malone, NY",47555.00,47527.00,47456.00
"Malvern, AR",33040.00,33034.00,33148.00
"Manchester-Nashua, NH",422937.00,422705.00,424079.00
"Manhattan, KS",134046.00,134135.00,133932.00
"Manitowoc, WI",81359.00,81250.00,81505.00
"Mankato, MN",103566.00,103663.00,103612.00
"Mansfield, OH",124936.00,124840.00,125195.00
"Marietta, OH",59771.00,59613.00,59423.00
"Marinette, WI-MI",65374.00,65292.00,65174.00
"Marion, IN",66674.00,66446.00,66263.00
"Marion, NC",44578.00,44536.00,44717.00
"Marion, OH",65359.00,65363.00,65291.00
"Marquette, MI",66017.00,65931.00,66103.00
"Marshall, MN",25269.00,25174.00,25231.00
"Marshall, MO",23333.00,23319.00,23289.00
"Marshalltown, IA",40105.00,40059.00,39853.00
"Martin, TN",32902.00,32864.00,33036.00
"Martinsville, VA",64433.00,64204.00,63765.00
"Maryville, MO",21241.00,21218.00,21160.00
"Mason City, IA",50570.00,50390.00,50091.00
"Mayfield, KY",36649.00,36512.00,36615.00
"Maysville, KY",17120.00,17085.00,16931.00
"McAlester, OK",43773.00,43727.00,43633.00
"McAllen-Edinburg-Mission, TX",870781.00,872204.00,880356.00
"McComb, MS",40324.00,40209.00,39973.00
"McMinnville, TN",40953.00,41023.00,41523.00
"McPherson, KS",30223.00,30160.00,30146.00
"Meadville, PA",83938.00,83723.00,83351.00
"Medford, OR",223259.00,223394.00,223734.00
"Memphis, TN-MS-AR",1337779.00,1337311.00,1336103.00
"Menomonie, WI",45440.00,45440.00,45547.00
"Merced, CA",281202.00,281726.00,286461.00
"Meridian, MS",97587.00,97222.00,96338.00
"Mexico, MO",24962.00,24925.00,24982.00
"Miami, OK",30285.00,30209.00,30340.00
"Miami-Fort Lauderdale-Pompano Beach, FL",6138333.00,6126441.00,6091747.00
"Michigan City-La Porte, IN",112417.00,112222.00,112390.00
"Middlesborough, KY",24097.00,23942.00,23858.00
"Midland, MI",83494.00,83476.00,83457.00
"Midland, TX",175220.00,175471.00,173180.00
"Milledgeville, GA",52534.00,52495.00,52411.00
"Milwaukee-Waukesha, WI",1574731.00,1573598.00,1566487.00
"Minden, LA",36967.00,36864.00,36184.00
"Mineral Wells, TX",28409.00,28427.00,28686.00
"Minneapolis-St. Paul-Bloomington, MN-WI",3690261.00,3692421.00,3690512.00
"Minot, ND",77546.00,77441.00,76586.00
"Missoula, MT",117922.00,118238.00,119533.00
"Mitchell, SD",23417.00,23397.00,23383.00
"Moberly, MO",24716.00,24636.00,24760.00
"Mobile, AL",430197.00,429546.00,428220.00
"Modesto, CA",552878.00,552710.00,552999.00
"Monroe, LA",207104.00,206557.00,204884.00
"Monroe, MI",154809.00,154796.00,155274.00
"Montgomery, AL",386047.00,385738.00,385798.00
"Montrose, CO",47553.00,47667.00,48203.00
"Morehead City, NC",67686.00,67656.00,68541.00
"Morgan City, LA",49406.00,49140.00,48232.00
"Morgantown, WV",140038.00,140092.00,140745.00
"Morristown, TN",142709.00,142830.00,143855.00
"Moscow, ID",39517.00,39611.00,40313.00
"Moses Lake, WA",99123.00,99365.00,100297.00
"Moultrie, GA",45898.00,45866.00,45812.00
"Mount Airy, NC",71359.00,71253.00,71152.00
"Mount Gay-Shamrock, WV",32567.00,32473.00,31909.00
"Mount Pleasant, MI",64394.00,64488.00,64813.00
"Mount Pleasant, TX",43711.00,43714.00,43799.00
"Mount Sterling, KY",46977.00,46914.00,47191.00
"Mount Vernon, IL",37113.00,37029.00,36877.00
"Mount Vernon, OH",62721.00,62765.00,62897.00
"Mount Vernon-Anacortes, WA",129523.00,129852.00,130696.00
"Mountain Home, AR",41627.00,41655.00,42144.00
"Mountain Home, ID",28666.00,28668.00,28827.00
"Muncie, IN",111903.00,111669.00,111871.00
"Murray, KY",37103.00,37147.00,37560.00
"Muscatine, IA",43235.00,43113.00,42688.00
"Muskegon, MI",175824.00,175817.00,176511.00
"Muskogee, OK",66339.00,66160.00,66146.00
"Myrtle Beach-Conway-North Myrtle Beach, SC-NC",487722.00,491582.00,509794.00
"Nacogdoches, TX",64653.00,64624.00,64668.00
"Napa, CA",138019.00,137608.00,136207.00
"Naples-Marco Island, FL",375752.00,377079.00,385980.00
"Nashville-Davidson--Murfreesboro--Franklin, TN",1989519.00,1995343.00,2012476.00
"Natchez, MS-LA",48225.00,47994.00,47118.00
"Natchitoches, LA",37515.00,37349.00,37026.00
"New Bern, NC",122168.00,121988.00,122273.00
"New Castle, IN",48914.00,48885.00,48935.00
"New Castle, PA",86070.00,85865.00,85497.00
"New Haven-Milford, CT",864835.00,863498.00,863700.00
"New Orleans-Metairie, LA",1271845.00,1270366.00,1261726.00
"New Philadelphia-Dover, OH",93263.00,93063.00,92500.00
"New Ulm, MN",25912.00,25885.00,25819.00
"New York-Newark-Jersey City, NY-NJ-PA",20140470.00,20096413.00,19768458.00
"Newberry, SC",37719.00,37715.00,37996.00
"Newport, OR",50395.00,50472.00,50862.00
"Newport, TN",35999.00,36022.00,36418.00
"Niles, MI",154316.00,154095.00,153101.00
"Nogales, AZ",47669.00,47653.00,47883.00
"Norfolk, NE",48744.00,48625.00,48466.00
"North Platte, NE",35791.00,35661.00,35199.00
"North Port-Sarasota-Bradenton, FL",833716.00,837107.00,859760.00
"North Vernon, IN",27613.00,27564.00,27409.00
"North Wilkesboro, NC",65969.00,65871.00,65806.00
"Norwalk, OH",58565.00,58439.00,58367.00
"Norwich-New London, CT",268555.00,268248.00,268805.00
"Oak Harbor, WA",86857.00,86948.00,87432.00
"Ocala, FL",375908.00,377370.00,385915.00
"Ocean City, NJ",95263.00,95077.00,95661.00
"Odessa, TX",165171.00,165467.00,161091.00
"Ogden-Clearfield, UT",694863.00,696620.00,706696.00
"Ogdensburg-Massena, NY",108505.00,108311.00,108051.00
"Oil City, PA",50454.00,50275.00,49938.00
"Okeechobee, FL",39644.00,39641.00,40266.00
"Oklahoma City, OK",1425695.00,1428709.00,1441647.00
"Olean, NY",77042.00,76907.00,76426.00
"Olympia-Lacey-Tumwater, WA",294793.00,295729.00,297977.00
"Omaha-Council Bluffs, NE-IA",967604.00,968493.00,971637.00
"Oneonta, NY",58524.00,58351.00,58123.00
"Ontario, OR-ID",56957.00,57197.00,58043.00
"Opelousas, LA",82540.00,82273.00,82071.00
"Orangeburg, SC",84223.00,83958.00,82962.00
"Orlando-Kissimmee-Sanford, FL",2673376.00,2677687.00,2691925.00
"Oshkosh-Neenah, WI",171730.00,171646.00,171623.00
"Oskaloosa, IA",22190.00,22148.00,21984.00
"Othello, WA",20613.00,20605.00,20621.00
"Ottawa, IL",148539.00,148112.00,147414.00
"Ottawa, KS",25996.00,26028.00,25986.00
"Ottumwa, IA",35437.00,35341.00,35256.00
"Owatonna, MN",37406.00,37352.00,37349.00
"Owensboro, KY",121559.00,121497.00,121227.00
"Oxford, MS",55813.00,55905.00,56884.00
"Oxnard-Thousand Oaks-Ventura, CA",843843.00,842921.00,839784.00
"Ozark, AL",49326.00,49214.00,49342.00
"Paducah, KY-IL",98660.00,98530.00,98068.00
"Pahrump, NV",51591.00,51968.00,53450.00
"Palatka, FL",73321.00,73347.00,74167.00
"Palestine, TX",57922.00,57881.00,58402.00
"Palm Bay-Melbourne-Titusville, FL",606612.00,608007.00,616628.00
"Pampa, TX",22054.00,22002.00,21827.00
"Panama City, FL",175216.00,174461.00,179168.00
"Paragould, AR",45736.00,45818.00,46317.00
"Paris, TN",32199.00,32115.00,32239.00
"Paris, TX",50088.00,50077.00,50098.00
"Parkersburg-Vienna, WV",89490.00,89179.00,88687.00
"Parsons, KS",20184.00,20119.00,19912.00
"Payson, AZ",53272.00,53306.00,53589.00
"Pearsall, TX",18385.00,18366.00,18436.00
"Pecos, TX",14812.00,14797.00,14544.00
"Pella, IA",33414.00,33377.00,33380.00
"Pensacola-Ferry Pass-Brent, FL",509905.00,511557.00,516388.00
"Peoria, IL",402391.00,401160.00,398224.00
"Peru, IN",35962.00,35924.00,36081.00
"Philadelphia-Camden-Wilmington, PA-NJ-DE-MD",6245051.00,6241983.00,6228601.00
"Phoenix-Mesa-Chandler, AZ",4845832.00,4867925.00,4946145.00
"Picayune, MS",56145.00,56140.00,56503.00
"Pierre, SD",20745.00,20680.00,20726.00
"Pine Bluff, AR",87751.00,87234.00,86412.00
"Pinehurst-Southern Pines, NC",99727.00,100168.00,102763.00
"Pittsburg, KS",38972.00,38930.00,39110.00
"Pittsburgh, PA",2370930.00,2367293.00,2353538.00
"Pittsfield, MA",129026.00,128758.00,128657.00
"Plainview, TX",32522.00,32439.00,32220.00
"Platteville, WI",51938.00,51934.00,52110.00
"Plattsburgh, NY",79843.00,79715.00,79596.00
"Plymouth, IN",46095.00,46018.00,46121.00
"Pocatello, ID",94896.00,95056.00,96213.00
"Point Pleasant, WV-OH",54673.00,54549.00,54315.00
"Ponca City, OK",43700.00,43541.00,43732.00
"Pontiac, IL",35815.00,35752.00,35664.00
"Poplar Bluff, MO",52809.00,52687.00,52718.00
"Port Angeles, WA",77155.00,77280.00,78209.00
"Port Lavaca, TX",20106.00,20047.00,19727.00
"Port St. Lucie, FL",487657.00,489804.00,503521.00
"Portales, NM",19191.00,19118.00,19019.00
"Portland-South Portland, ME",551740.00,552089.00,556893.00
"Portland-Vancouver-Hillsboro, OR-WA",2512859.00,2516230.00,2511612.00
"Portsmouth, OH",74008.00,73720.00,73346.00
"Pottsville, PA",143049.00,142777.00,143264.00
"Poughkeepsie-Newburgh-Middletown, NY",697221.00,697064.00,701637.00
"Prescott Valley-Prescott, AZ",236209.00,237067.00,242253.00
"Price, UT",20412.00,20465.00,20372.00
"Prineville, OR",24738.00,24923.00,25739.00
"Providence-Warwick, RI-MA",1676579.00,1675401.00,1675774.00
"Provo-Orem, UT",671185.00,674967.00,697141.00
"Pueblo, CO",168162.00,168467.00,169622.00
"Pullman, WA",47973.00,47786.00,47873.00
"Punta Gorda, FL",186847.00,187960.00,194843.00
"Quincy, IL-MO",75769.00,75561.00,74954.00
"Racine, WI",197727.00,197440.00,196896.00
"Raleigh-Cary, NC",1413982.00,1420225.00,1448411.00
"Rapid City, SD",139074.00,139328.00,141979.00
"Raymondville, TX",20164.00,20129.00,20316.00
"Reading, PA",428849.00,428694.00,429342.00
"Red Bluff, CA",65829.00,65615.00,65498.00
"Red Wing, MN",47582.00,47536.00,47968.00
"Redding, CA",182155.00,181893.00,182139.00
"Reno, NV",490596.00,491494.00,497535.00
"Rexburg, ID",66301.00,66280.00,67473.00
"Richmond, IN",66553.00,66455.00,66456.00
"Richmond, VA",1314434.00,1315734.00,1324062.00
"Richmond-Berea, KY",106864.00,107054.00,108758.00
"Rio Grande City-Roma, TX",65920.00,65835.00,66049.00
"Riverside-San Bernardino-Ontario, CA",4599839.00,4605504.00,4653105.00
"Riverton, WY",39234.00,39177.00,39336.00
"Roanoke Rapids, NC",66093.00,65933.00,65401.00
"Roanoke, VA",315251.00,315057.00,314496.00
"Rochelle, IL",51788.00,51678.00,51449.00
"Rochester, MN",226329.00,226515.00,227151.00
"Rochester, NY",1090135.00,1088776.00,1084973.00
"Rock Springs, WY",42272.00,42158.00,41614.00
"Rockford, IL",338798.00,338184.00,336278.00
"Rockingham, NC",42946.00,42879.00,42724.00
"Rockport, TX",23830.00,23916.00,24510.00
"Rocky Mount, NC",143870.00,143724.00,143535.00
"Rolla, MO",44638.00,44517.00,44937.00
"Rome, GA",98584.00,98593.00,98771.00
"Roseburg, OR",111201.00,111235.00,111978.00
"Roswell, NM",65157.00,65168.00,64629.00
"Ruidoso, NM",20269.00,20296.00,20436.00
"Russellville, AR",83644.00,83562.00,83944.00
"Ruston, LA",48396.00,48259.00,48152.00
"Rutland, VT",60572.00,60455.00,60591.00
"Sacramento-Roseville-Folsom, CA",2397382.00,2399351.00,2411428.00
"Safford, AZ",38533.00,38614.00,39050.00
"Saginaw, MI",190124.00,189831.00,189591.00
"Salem, OH",101877.00,101607.00,101310.00
"Salem, OR",433353.00,434065.00,436283.00
"Salina, KS",60038.00,59965.00,59726.00
"Salinas, CA",439035.00,438500.00,437325.00
"Salisbury, MD-DE",418046.00,419397.00,429223.00
"Salt Lake City, UT",1257936.00,1259517.00,1263061.00
"San Angelo, TX",122888.00,123010.00,122344.00
"San Antonio-New Braunfels, TX",2558143.00,2566683.00,2601788.00
"San Diego-Chula Vista-Carlsbad, CA",3298634.00,3297252.00,3286069.00
"San Francisco-Oakland-Berkeley, CA",4749008.00,4739649.00,4623264.00
"San Jose-Sunnyvale-Santa Clara, CA",2000468.00,1995105.00,1952185.00
"San Luis Obispo-Paso Robles, CA",282424.00,282231.00,283159.00
"Sandpoint, ID",47110.00,47390.00,49491.00
"Sandusky, OH",75622.00,75429.00,74852.00
"Sanford, NC",63285.00,63387.00,64138.00
"Santa Cruz-Watsonville, CA",270861.00,270353.00,267792.00
"Santa Fe, NM",154823.00,154977.00,155201.00
"Santa Isabel, PR",20281.00,20291.00,20291.00
"Santa Maria-Santa Barbara, CA",448229.00,448096.00,446475.00
"Santa Rosa-Petaluma, CA",488863.00,488345.00,485887.00
"Sault Ste. Marie, MI",36785.00,36744.00,36816.00
"Savannah, GA",404798.00,405053.00,410008.00
"Sayre, PA",59967.00,59858.00,59892.00
"Scottsbluff, NE",37893.00,37829.00,37580.00
"Scottsboro, AL",52579.00,52519.00,52773.00
"Scottsburg, IN",24384.00,24336.00,24355.00
"Scranton--Wilkes-Barre, PA",567559.00,566574.00,567750.00
"Searcy, AR",76822.00,76810.00,77207.00
"Seattle-Tacoma-Bellevue, WA",4018762.00,4024730.00,4011553.00
"Sebastian-Vero Beach, FL",159788.00,160345.00,163662.00
"Sebring-Avon Park, FL",101235.00,101222.00,103296.00
"Sedalia, MO",42980.00,42951.00,43188.00
"Selinsgrove, PA",39736.00,39717.00,39621.00
"Selma, AL",38462.00,38190.00,37619.00
"Seneca Falls, NY",33814.00,33715.00,33688.00
"Seneca, SC",78607.00,78638.00,79203.00
"Sevierville, TN",98380.00,98497.00,99517.00
"Seymour, IN",46428.00,46373.00,46067.00
"Shawano, WI",45136.00,45093.00,45148.00
"Shawnee, OK",72454.00,72441.00,73019.00
"Sheboygan, WI",118034.00,117937.00,117747.00
"Shelby, NC",99519.00,99725.00,100359.00
"Shelbyville, TN",50237.00,50302.00,51119.00
"Shelton, WA",65726.00,66028.00,67615.00
"Sheridan, WY",30921.00,30996.00,31646.00
"Sherman-Denison, TX",135543.00,136014.00,139336.00
"Show Low, AZ",106717.00,106802.00,108147.00
"Shreveport-Bossier City, LA",393406.00,392525.00,389155.00
"Sidney, OH",48230.00,48119.00,47977.00
"Sierra Vista-Douglas, AZ",125447.00,125398.00,126050.00
"Sikeston, MO",38059.00,38009.00,37840.00
"Silver City, NM",28185.00,28209.00,27889.00
"Sioux City, IA-NE-SD",149940.00,149743.00,149265.00
"Sioux Falls, SD",276730.00,277458.00,281958.00
"Snyder, TX",16932.00,16931.00,16824.00
"Somerset, KY",65034.00,65016.00,65423.00
"Somerset, PA",74129.00,73917.00,73627.00
"Sonora, CA",55620.00,55516.00,55810.00
"South Bend-Mishawaka, IN-MI",324501.00,324112.00,323695.00
"Spartanburg, SC",327997.00,329364.00,335864.00
"Spearfish, SD",25768.00,25812.00,26165.00
"Spencer, IA",16384.00,16333.00,16440.00
"Spirit Lake, IA",17703.00,17747.00,17851.00
"Spokane-Spokane Valley, WA",585784.00,587266.00,593466.00
"Springfield, IL",208640.00,208277.00,206898.00
"Springfield, MA",699162.00,697960.00,695305.00
"Springfield, MO",475432.00,476128.00,481483.00
"Springfield, OH",136001.00,135719.00,135633.00
"St. Cloud, MN",199671.00,199687.00,200406.00
"St. George, UT",180279.00,181924.00,191226.00
"St. Joseph, MO-KS",121467.00,121181.00,120424.00
"St. Louis, MO-IL",2820253.00,2818267.00,2809299.00
"St. Marys, GA",54768.00,54911.00,55664.00
"St. Marys, PA",30990.00,30927.00,30783.00
"Starkville, MS",61714.00,61631.00,61825.00
"State College, PA",158172.00,157929.00,157527.00
"Statesboro, GA",81099.00,81378.00,82442.00
"Staunton, VA",125433.00,125591.00,125774.00
"Steamboat Springs, CO",24829.00,24839.00,25091.00
"Stephenville, TX",42545.00,42715.00,43378.00
"Sterling, CO",21528.00,21495.00,21487.00
"Sterling, IL",55691.00,55509.00,55305.00
"Stevens Point, WI",70377.00,70378.00,70468.00
"Stillwater, OK",81646.00,81592.00,81989.00
"Stockton, CA",779233.00,780517.00,789410.00
"Storm Lake, IA",20823.00,20776.00,20771.00
"Sturgis, MI",60939.00,60902.00,60758.00
"Sulphur Springs, TX",36787.00,36795.00,37211.00
"Summerville, GA",24965.00,24921.00,24932.00
"Sumter, SC",136700.00,136510.00,135782.00
"Sunbury, PA",91647.00,91471.00,91266.00
"Susanville, CA",32730.00,32719.00,33159.00
"Sweetwater, TX",14738.00,14721.00,14597.00
"Syracuse, NY",662057.00,660894.00,658281.00
"Tahlequah, OK",47078.00,47081.00,47627.00
"Talladega-Sylacauga, AL",82149.00,82069.00,81524.00
"Tallahassee, FL",384298.00,384546.00,385776.00
"Tampa-St. Petersburg-Clearwater, FL",3175275.00,3183385.00,3219514.00
"Taos, NM",34489.00,34392.00,34623.00
"Taylorville, IL",34032.00,33900.00,33662.00
"Terre Haute, IN",185031.00,184784.00,184910.00
"Texarkana, TX-AR",147519.00,147333.00,147174.00
"The Dalles, OR",26670.00,26611.00,26726.00
"The Villages, FL",129752.00,130897.00,135638.00
"Thomaston, GA",27700.00,27712.00,27720.00
"Thomasville, GA",45798.00,45766.00,45842.00
"Tiffin, OH",55069.00,54990.00,54906.00
"Tifton, GA",41344.00,41348.00,41212.00
"Toccoa, GA",26784.00,26800.00,26865.00
"Toledo, OH",646604.00,645819.00,644217.00
"Topeka, KS",233152.00,232747.00,232670.00
"Torrington, CT",185186.00,184874.00,185000.00
"Traverse City, MI",153448.00,153516.00,154685.00
"Trenton-Princeton, NJ",387340.00,386759.00,385898.00
"Troy, AL",33009.00,32981.00,32991.00
"Truckee-Grass Valley, CA",102241.00,102199.00,103487.00
"Tucson, AZ",1043433.00,1045599.00,1052030.00
"Tullahoma-Manchester, TN",107124.00,107340.00,108891.00
"Tulsa, OK",1015331.00,1016589.00,1023988.00
"Tupelo, MS",163398.00,163193.00,163162.00
"Tuscaloosa, AL",268674.00,268711.00,268191.00
"Twin Falls, ID",114283.00,114501.00,116905.00
"Tyler, TX",233479.00,234063.00,237186.00
"Ukiah, CA",91601.00,91354.00,91305.00
"Union City, TN",30787.00,30716.00,30466.00
"Union, SC",27244.00,27148.00,27016.00
"Urban Honolulu, HI",1016508.00,1013227.00,1000890.00
"Urbana, OH",38714.00,38705.00,38699.00
"Utica-Rome, NY",292264.00,291702.00,290211.00
"Uvalde, TX",24564.00,24540.00,24729.00
"Valdosta, GA",148126.00,148160.00,149152.00
"Vallejo, CA",453491.00,453274.00,451716.00
"Van Wert, OH",28931.00,28878.00,28732.00
"Vermillion, SD",14967.00,14998.00,15150.00
"Vernal, UT",35620.00,35618.00,36204.00
"Vernon, TX",12887.00,12846.00,12731.00
"Vicksburg, MS",44722.00,44548.00,43579.00
"Victoria, TX",98331.00,98241.00,98127.00
"Vidalia, GA",35640.00,35629.00,35564.00
"Vincennes, IN",36282.00,36244.00,35956.00
"Vineland-Bridgeton, NJ",154152.00,153848.00,153627.00
"Vineyard Haven, MA",20600.00,20581.00,21097.00
"Virginia Beach-Norfolk-Newport News, VA-NC",1799674.00,1800081.00,1803328.00
"Visalia, CA",473117.00,473736.00,477054.00
"Wabash, IN",30976.00,30888.00,30816.00
"Waco, TX",277547.00,277984.00,280428.00
"Wahpeton, ND-MN",23035.00,23005.00,22955.00
"Walla Walla, WA",62584.00,62574.00,62682.00
"Wapakoneta, OH",46422.00,46411.00,46141.00
"Warner Robins, GA",191614.00,192277.00,195246.00
"Warren, PA",38587.00,38480.00,38134.00
"Warrensburg, MO",54013.00,54002.00,54150.00
"Warsaw, IN",80240.00,80050.00,80106.00
"Washington Court House, OH",28951.00,28939.00,28906.00
"Washington, IN",33381.00,33391.00,33397.00
"Washington, NC",44652.00,44618.00,44468.00
"Washington-Arlington-Alexandria, DC-VA-MD-WV",6385162.00,6385714.00,6356434.00
"Waterloo-Cedar Falls, IA",168461.00,168266.00,167796.00
"Watertown, SD",34489.00,34476.00,34682.00
"Watertown-Fort Atkinson, WI",84900.00,84858.00,84943.00
"Watertown-Fort Drum, NY",116721.00,116134.00,116295.00
"Wauchula, FL",25327.00,25313.00,25425.00
"Wausau-Weston, WI",166428.00,166328.00,166189.00
"Waycross, GA",55967.00,55940.00,56009.00
"Weatherford, OK",28513.00,28423.00,28163.00
"Weirton-Steubenville, WV-OH",116903.00,116595.00,115585.00
"Wenatchee, WA",122012.00,122183.00,123342.00
"West Plains, MO",39750.00,39750.00,39975.00
"West Point, MS",18636.00,18645.00,18535.00
"Wheeling, WV-OH",139513.00,138943.00,137740.00
"Whitewater, WI",106478.00,106499.00,106799.00
"Wichita Falls, TX",148128.00,148348.00,149013.00
"Wichita, KS",647610.00,647921.00,647919.00
"Williamsport, PA",114188.00,113980.00,113605.00
"Williston, ND",40950.00,41149.00,38484.00
"Willmar, MN",43732.00,43685.00,43767.00
"Wilmington, NC",285905.00,286623.00,291833.00
"Wilmington, OH",42018.00,41962.00,42004.00
"Wilson, NC",78784.00,78811.00,78369.00
"Winchester, VA-WV",142632.00,142841.00,145155.00
"Winfield, KS",34549.00,34498.00,34496.00
"Winnemucca, NV",17285.00,17283.00,17648.00
"Winona, MN",49671.00,49606.00,49630.00
"Winston-Salem, NC",675966.00,676369.00,681438.00
"Wisconsin Rapids-Marshfield, WI",74207.00,74091.00,74070.00
"Woodward, OK",24219.00,24130.00,23967.00
"Wooster, OH",116894.00,116840.00,116710.00
"Worcester, MA-CT",978529.00,977701.00,978447.00
"Worthington, MN",22290.00,22183.00,21991.00
"Yakima, WA",256728.00,256533.00,256035.00
"Yankton, SD",23310.00,23238.00,23297.00
"York-Hanover, PA",456438.00,456389.00,458696.00
"Youngstown-Warren-Boardman, OH-PA",541243.00,539686.00,538069.00
"Yuba City, CA",181208.00,181412.00,182484.00
"Yuma, AZ",203881.00,204437.00,206990.00
"Zanesville, OH",86410.00,86342.00,86408.00
"Zapata, TX",13889.00,13884.00,13908.00
